{
   "displayName" : "RailShooter_InterHaptics",
   "version" : "1.0",
   "buildNumber" : 29,
   "description" : "RailShooter demo for Inter Haptics",
   "author" : "Chenshuo.L - Alexander.M - Thomas.B",
   "authorURL" : "",
   "defaultLoadOrder" : 0,
   "gameVersion" : "1.1.0",
   "manifest" : [
      "/Game/Dialogue/persona/basecommander_ally_01.uasset",
      "/Game/Dialogue/persona/BaseCommander_Kurita.uasset",
      "/Game/LevelGenerators/GeneratorMisc/QuickPlayGameMode.uasset",
      "/Game/Levels/TileElements/FadeInStart/FadeInStartEncounter.uasset",
      "/Game/Modes/MissionDirectorSystem/MissionDirectors/ObjectiveChainMissionDirector.uasset",
      "/Game/Modes/MissionDirectorSystem/MissionDirectors/_common/MissionDirectorClass.uasset",
      "/Game/Objects/Cinematics/CinematicActor.uasset",
      "/Game/Objects/Cinematics/OpeningCinematic.uasset",
      "/Game/Objects/Dropships/Leopard/Pickup_ZoneRing_MAT.uasset",
      "/Game/Objects/Dropships/Leopard/Pickup_ZoneRing_MAT1.uasset",
      "/Game/Objects/Environments/_common/Materials/Terrain/DynamicTerrain_Default_MTI.uasset",
      "/Game/Objects/Environments/_common/Materials/Terrain/DynamicTerrain_Lowlands_RockSlope_MTI.uasset",
      "/Game/Objects/Environments/_common/Materials/Terrain/Terrain_MTL.uasset",
      "/Game/Objects/Mechs/Awesome/Loadout/AWS-PB_Loadout.uasset",
      "/Game/Objects/Mechs/Highlander/Loadout/HGN-733_Loadout.uasset",
      "/Game/Objects/Mechs/Highlander/Loadout/HGN-HM_Loadout.uasset",
      "/Game/Objects/Projectiles/MachineGun/Ray_MachineGun.uasset",
      "/Game/Objects/Projectiles/MachineGun/Particles/MachineGun_Tracer_PCL.uasset",
      "/Game/Objects/Weapons/_common/AmmoEquipment/LightRifle_AmmoEquipment.uasset",
      "/Game/Objects/_common/Components/PlayerControllerComponents/ControllerFeedbackComponent.uasset",
      "/Game/UI/FrontEnd/PauseScreen.uasset",
      "/Game/UI/FrontEnd/Components/MWSliderBar.uasset",
      "/Game/UI/Textures/GamepadIcons/XboxSeriesX_Left_Stick_down.uasset",
      "/Game/UI/Textures/GamepadIcons/XboxSeriesX_Left_Stick_left.uasset",
      "/Game/UI/Textures/GamepadIcons/XboxSeriesX_Left_Stick_right.uasset",
      "/Game/UI/Textures/GamepadIcons/XboxSeriesX_Left_Stick_up.uasset",
      "/Game/UI/Textures/GamepadIcons/XboxSeriesX_Right_Stick_down.uasset",
      "/Game/UI/Textures/GamepadIcons/XboxSeriesX_Right_Stick_left.uasset",
      "/Game/UI/Textures/GamepadIcons/XboxSeriesX_Right_Stick_right.uasset",
      "/Game/UI/Textures/GamepadIcons/XboxSeriesX_Right_Stick_up.uasset",
      "/Game/LevelGenerators/GeneratorMisc/QuickPlayLevel.umap",
      "/Game/Levels/Garrisons/Agricultural/S2_RepairZone_1.umap",
      "/Game/Levels/Garrisons/Industrial/Industrial_S1_part2.umap",
      "/Game/Levels/Garrisons/Industrial/Industrial_S2_NE.umap",
      "/Game/Levels/Garrisons/Industrial/S2_RepairZone_2.umap",
      "/Game/Levels/Garrisons/Military/S2_Airport_Military.umap",
      "/Game/Levels/Garrisons/Military/S3_militaryBase.umap",
      "/Game/Levels/Garrisons/Unique/AirPort_S2.umap",
      "/Game/Levels/Garrisons/Urban/Garrison_Urban_FullTile_06.umap",
      "/Game/Levels/Garrisons/Urban/S2_city.umap"
   ],
   "steamPublishedFileId" : 0,
   "steamLastSubmittedBuildNumber" : 0,
   "steamModVisibility" : "Private"
}